tipo_mapa,mapa,comparacion,dif_media_pp,ic95_lo,ic95_hi,significativa
1,Mapa 1 (Alta densidad),UCS - BFS,-0.10416666666666671,-0.31250000000000017,0.0,False
1,Mapa 1 (Alta densidad),Greedy - BFS,0.0,0.0,0.0,False
1,Mapa 1 (Alta densidad),A* - BFS,-0.10416666666666671,-0.31250000000000017,0.0,False
1,Mapa 1 (Alta densidad),Genético - BFS,-12.083333333333332,-17.604166666666668,-6.979166666666667,True
1,Mapa 1 (Alta densidad),Genético - A*,-11.979166666666666,-17.708333333333332,-6.875000000000001,True
2,Mapa 2 (Media densidad),UCS - BFS,1.354166666666667,0.10416666666666692,2.8125000000000004,True
2,Mapa 2 (Media densidad),Greedy - BFS,-3.75,-5.833333333333333,-1.875,True
2,Mapa 2 (Media densidad),A* - BFS,1.354166666666667,0.10416666666666677,2.8125,True
2,Mapa 2 (Media densidad),Genético - BFS,-31.458333333333332,-38.4375,-24.791666666666664,True
2,Mapa 2 (Media densidad),Genético - A*,-32.8125,-39.479166666666664,-26.25,True
3,Mapa 3 (Baja densidad),UCS - BFS,3.645833333333333,0.8333333333333335,6.666666666666668,True
3,Mapa 3 (Baja densidad),Greedy - BFS,-2.8125,-4.895833333333332,-1.0416666666666665,True
3,Mapa 3 (Baja densidad),A* - BFS,3.229166666666666,0.5208333333333336,6.041666666666668,True
3,Mapa 3 (Baja densidad),Genético - BFS,-9.479166666666666,-18.333333333333332,-0.8307291666667039,True
3,Mapa 3 (Baja densidad),Genético - A*,-12.708333333333332,-20.208333333333332,-5.208333333333334,True
