tipo_mapa,algoritmo,iteracion,semilla,n_agentes,sobrevivientes,bajas,atrapados,tiempo_despeje,turno_final_simulacion,cpu_seg
1,bfs,0,100000,12,12,0,0,37,37,0.0
1,ucs,0,100000,12,12,0,0,37,37,0.0156
1,greedy,0,100000,12,12,0,0,37,37,0.0
1,astar,0,100000,12,12,0,0,37,37,0.0156
1,genetico,0,100000,12,12,0,0,55,55,1.8281
2,bfs,0,200000,12,12,0,0,37,37,0.0156
2,ucs,0,200000,12,12,0,0,37,37,0.0312
2,greedy,0,200000,12,12,0,0,38,38,0.0
2,astar,0,200000,12,12,0,0,37,37,0.0312
2,genetico,0,200000,12,10,2,0,64,64,2.6719
3,bfs,0,300000,12,11,1,0,36,38,0.0
3,ucs,0,300000,12,11,1,0,36,38,0.0625
3,greedy,0,300000,12,6,6,0,36,38,0.0156
3,astar,0,300000,12,11,1,0,36,38,0.0469
3,genetico,0,300000,12,0,12,0,,86,4.8438
1,bfs,1,100001,12,12,0,0,36,36,0.0
1,ucs,1,100001,12,12,0,0,36,36,0.0156
1,greedy,1,100001,12,12,0,0,36,36,0.0
1,astar,1,100001,12,12,0,0,36,36,0.0
1,genetico,1,100001,12,12,0,0,60,60,2.0625
2,bfs,1,200001,12,12,0,0,40,40,0.0156
2,ucs,1,200001,12,12,0,0,40,40,0.0469
2,greedy,1,200001,12,12,0,0,40,40,0.0
2,astar,1,200001,12,12,0,0,40,40,0.0156
2,genetico,1,200001,12,11,1,0,74,98,3.7969
3,bfs,1,300001,12,9,3,0,36,36,0.0469
3,ucs,1,300001,12,10,2,0,39,39,0.1719
3,greedy,1,300001,12,7,5,0,38,38,0.0156
3,astar,1,300001,12,10,2,0,39,39,0.0938
3,genetico,1,300001,12,12,0,0,55,55,3.875
1,bfs,2,100002,12,12,0,0,36,36,0.0156
1,ucs,2,100002,12,12,0,0,36,36,0.0156
1,greedy,2,100002,12,12,0,0,36,36,0.0156
1,astar,2,100002,12,12,0,0,36,36,0.0156
1,genetico,2,100002,12,12,0,0,58,58,2.2031
2,bfs,2,200002,12,5,7,0,37,38,0.0312
2,ucs,2,200002,12,5,7,0,37,38,0.125
2,greedy,2,200002,12,5,7,0,37,38,0.0156
2,astar,2,200002,12,5,7,0,37,38,0.1094
2,genetico,2,200002,12,0,12,0,,94,5.5938
3,bfs,2,300002,12,0,12,0,,34,0.0156
3,ucs,2,300002,12,0,12,0,,30,0.1562
3,greedy,2,300002,12,0,12,0,,34,0.0469
3,astar,2,300002,12,0,12,0,,30,0.125
3,genetico,2,300002,12,0,12,0,,94,7.5625
1,bfs,3,100003,12,10,2,0,37,37,0.0156
1,ucs,3,100003,12,10,2,0,37,37,0.0156
1,greedy,3,100003,12,10,2,0,37,37,0.0
1,astar,3,100003,12,10,2,0,37,37,0.0156
1,genetico,3,100003,12,5,7,0,62,62,3.75
2,bfs,3,200003,12,12,0,0,37,37,0.0156
2,ucs,3,200003,12,12,0,0,37,37,0.0312
2,greedy,3,200003,12,11,1,0,47,47,0.0
2,astar,3,200003,12,12,0,0,37,37,0.0156
2,genetico,3,200003,12,6,6,0,84,84,3.3906
3,bfs,3,300003,12,12,0,0,36,36,0.0156
3,ucs,3,300003,12,12,0,0,36,36,0.0469
3,greedy,3,300003,12,12,0,0,40,40,0.0
3,astar,3,300003,12,12,0,0,36,36,0.0469
3,genetico,3,300003,12,10,2,0,50,50,2.7031
1,bfs,4,100004,12,12,0,0,38,38,0.0
1,ucs,4,100004,12,12,0,0,38,38,0.0156
1,greedy,4,100004,12,12,0,0,38,38,0.0156
1,astar,4,100004,12,12,0,0,38,38,0.0
1,genetico,4,100004,12,12,0,0,56,56,2.3594
2,bfs,4,200004,12,12,0,0,40,40,0.0
2,ucs,4,200004,12,12,0,0,40,40,0.0312
2,greedy,4,200004,12,12,0,0,44,44,0.0
2,astar,4,200004,12,12,0,0,40,40,0.0156
2,genetico,4,200004,12,1,11,0,62,82,6.0625
3,bfs,4,300004,12,0,12,0,,34,0.0312
3,ucs,4,300004,12,0,12,0,,34,0.1406
3,greedy,4,300004,12,0,12,0,,34,0.0156
3,astar,4,300004,12,0,12,0,,34,0.0938
3,genetico,4,300004,12,0,12,0,,78,6.2344
1,bfs,5,100005,12,12,0,0,37,37,0.0156
1,ucs,5,100005,12,12,0,0,37,37,0.0156
1,greedy,5,100005,12,12,0,0,37,37,0.0
1,astar,5,100005,12,12,0,0,37,37,0.0156
1,genetico,5,100005,12,12,0,0,63,63,2.3281
2,bfs,5,200005,12,11,1,0,35,35,0.0156
2,ucs,5,200005,12,11,1,0,51,51,0.0625
2,greedy,5,200005,12,11,1,0,39,39,0.0156
2,astar,5,200005,12,11,1,0,51,51,0.0312
2,genetico,5,200005,12,2,10,0,49,94,4.2969
3,bfs,5,300005,12,12,0,0,36,36,0.0156
3,ucs,5,300005,12,12,0,0,36,36,0.0469
3,greedy,5,300005,12,12,0,0,38,38,0.0156
3,astar,5,300005,12,12,0,0,36,36,0.0469
3,genetico,5,300005,12,12,0,0,60,60,2.8281
1,bfs,6,100006,12,12,0,0,37,37,0.0
1,ucs,6,100006,12,12,0,0,37,37,0.0156
1,greedy,6,100006,12,12,0,0,37,37,0.0
1,astar,6,100006,12,12,0,0,37,37,0.0156
1,genetico,6,100006,12,12,0,0,53,53,2.6719
2,bfs,6,200006,12,12,0,0,38,38,0.0156
2,ucs,6,200006,12,12,0,0,38,38,0.0469
2,greedy,6,200006,12,12,0,0,44,44,0.0
2,astar,6,200006,12,12,0,0,38,38,0.0156
2,genetico,6,200006,12,6,6,0,47,47,2.9062
3,bfs,6,300006,12,12,0,0,38,38,0.0156
3,ucs,6,300006,12,12,0,0,38,38,0.0938
3,greedy,6,300006,12,12,0,0,42,42,0.0156
3,astar,6,300006,12,12,0,0,38,38,0.0469
3,genetico,6,300006,12,12,0,0,60,60,2.2812
1,bfs,7,100007,12,0,12,0,,34,0.0156
1,ucs,7,100007,12,0,12,0,,34,0.0312
1,greedy,7,100007,12,0,12,0,,34,0.0
1,astar,7,100007,12,0,12,0,,34,0.0312
1,genetico,7,100007,12,0,12,0,,74,3.9062
2,bfs,7,200007,12,0,12,0,,58,0.0156
2,ucs,7,200007,12,0,12,0,,58,0.125
2,greedy,7,200007,12,0,12,0,,58,0.0156
2,astar,7,200007,12,0,12,0,,58,0.0938
2,genetico,7,200007,12,0,12,0,,118,5.2344
3,bfs,7,300007,12,6,6,0,37,37,0.0156
3,ucs,7,300007,12,4,8,0,37,37,0.0781
3,greedy,7,300007,12,6,6,0,39,39,0.0
3,astar,7,300007,12,4,8,0,37,37,0.0469
3,genetico,7,300007,12,7,5,0,60,60,3.7969
1,bfs,8,100008,12,0,12,0,,18,0.0
1,ucs,8,100008,12,0,12,0,,18,0.0469
1,greedy,8,100008,12,0,12,0,,18,0.0156
1,astar,8,100008,12,0,12,0,,18,0.0469
1,genetico,8,100008,12,0,12,0,,74,5.5781
2,bfs,8,200008,12,11,1,0,37,37,0.0
2,ucs,8,200008,12,11,1,0,37,37,0.0312
2,greedy,8,200008,12,11,1,0,37,37,0.0
2,astar,8,200008,12,11,1,0,37,37,0.0156
2,genetico,8,200008,12,5,7,0,55,70,4.0312
3,bfs,8,300008,12,4,8,0,34,34,0.0156
3,ucs,8,300008,12,8,4,0,38,38,0.1094
3,greedy,8,300008,12,4,8,0,34,34,0.0
3,astar,8,300008,12,8,4,0,38,38,0.0312
3,genetico,8,300008,12,10,2,0,55,55,2.6719
1,bfs,9,100009,12,12,0,0,36,36,0.0
1,ucs,9,100009,12,12,0,0,36,36,0.0156
1,greedy,9,100009,12,12,0,0,36,36,0.0
1,astar,9,100009,12,12,0,0,36,36,0.0
1,genetico,9,100009,12,12,0,0,67,67,2.3594
2,bfs,9,200009,12,12,0,0,36,36,0.0156
2,ucs,9,200009,12,12,0,0,36,36,0.0469
2,greedy,9,200009,12,12,0,0,36,36,0.0
2,astar,9,200009,12,12,0,0,36,36,0.0312
2,genetico,9,200009,12,9,3,0,60,60,3.0
3,bfs,9,300009,12,12,0,0,37,37,0.0156
3,ucs,9,300009,12,12,0,0,37,37,0.0625
3,greedy,9,300009,12,12,0,0,41,41,0.0156
3,astar,9,300009,12,12,0,0,37,37,0.0469
3,genetico,9,300009,12,12,0,0,54,54,2.3594
1,bfs,10,100010,12,12,0,0,36,36,0.0
1,ucs,10,100010,12,12,0,0,36,36,0.0156
1,greedy,10,100010,12,12,0,0,36,36,0.0
1,astar,10,100010,12,12,0,0,36,36,0.0156
1,genetico,10,100010,12,12,0,0,56,56,2.3594
2,bfs,10,200010,12,12,0,0,37,37,0.0
2,ucs,10,200010,12,12,0,0,37,37,0.0469
2,greedy,10,200010,12,12,0,0,37,37,0.0
2,astar,10,200010,12,12,0,0,37,37,0.0156
2,genetico,10,200010,12,10,2,0,68,118,3.2656
3,bfs,10,300010,12,9,3,0,40,40,0.0
3,ucs,10,300010,12,9,3,0,40,40,0.0625
3,greedy,10,300010,12,7,5,0,42,42,0.0156
3,astar,10,300010,12,9,3,0,40,40,0.0312
3,genetico,10,300010,12,2,10,0,52,74,6.1875
1,bfs,11,100011,12,12,0,0,38,38,0.0156
1,ucs,11,100011,12,12,0,0,38,38,0.0156
1,greedy,11,100011,12,12,0,0,38,38,0.0156
1,astar,11,100011,12,12,0,0,38,38,0.0156
1,genetico,11,100011,12,12,0,0,55,55,2.5781
2,bfs,11,200011,12,8,4,0,47,47,0.0156
2,ucs,11,200011,12,8,4,0,49,49,0.0469
2,greedy,11,200011,12,5,7,0,49,58,0.0156
2,astar,11,200011,12,8,4,0,49,49,0.0469
2,genetico,11,200011,12,0,12,0,,198,7.7656
3,bfs,11,300011,12,11,1,0,35,35,0.0156
3,ucs,11,300011,12,11,1,0,35,35,0.0625
3,greedy,11,300011,12,11,1,0,35,35,0.0
3,astar,11,300011,12,11,1,0,35,35,0.0625
3,genetico,11,300011,12,12,0,0,53,53,2.3438
1,bfs,12,100012,12,12,0,0,41,41,0.0
1,ucs,12,100012,12,12,0,0,41,41,0.0156
1,greedy,12,100012,12,12,0,0,41,41,0.0
1,astar,12,100012,12,12,0,0,41,41,0.0
1,genetico,12,100012,12,12,0,0,105,105,2.5469
2,bfs,12,200012,12,12,0,0,38,38,0.0
2,ucs,12,200012,12,12,0,0,38,38,0.0469
2,greedy,12,200012,12,11,1,0,48,48,0.0156
2,astar,12,200012,12,12,0,0,38,38,0.0156
2,genetico,12,200012,12,1,11,0,59,78,4.1094
3,bfs,12,300012,12,0,12,0,,34,0.0156
3,ucs,12,300012,12,0,12,0,,34,0.1875
3,greedy,12,300012,12,0,12,0,,34,0.0312
3,astar,12,300012,12,0,12,0,,34,0.125
3,genetico,12,300012,12,0,12,0,,62,3.8281
1,bfs,13,100013,12,11,1,0,41,41,0.0
1,ucs,13,100013,12,11,1,0,41,41,0.0156
1,greedy,13,100013,12,11,1,0,41,41,0.0
1,astar,13,100013,12,11,1,0,41,41,0.0
1,genetico,13,100013,12,0,12,0,,82,4.8594
2,bfs,13,200013,12,12,0,0,37,37,0.0
2,ucs,13,200013,12,12,0,0,37,37,0.0312
2,greedy,13,200013,12,12,0,0,43,43,0.0
2,astar,13,200013,12,12,0,0,37,37,0.0
2,genetico,13,200013,12,12,0,0,68,68,2.5469
3,bfs,13,300013,12,0,12,0,,38,0.0156
3,ucs,13,300013,12,2,10,0,33,50,0.1094
3,greedy,13,300013,12,0,12,0,,34,0.0
3,astar,13,300013,12,2,10,0,33,34,0.0469
3,genetico,13,300013,12,7,5,0,43,46,2.4375
1,bfs,14,100014,12,10,2,0,38,38,0.0156
1,ucs,14,100014,12,10,2,0,38,38,0.0156
1,greedy,14,100014,12,10,2,0,38,38,0.0156
1,astar,14,100014,12,10,2,0,38,38,0.0156
1,genetico,14,100014,12,0,12,0,,66,5.6406
2,bfs,14,200014,12,2,10,0,31,38,0.0156
2,ucs,14,200014,12,2,10,0,31,42,0.0469
2,greedy,14,200014,12,2,10,0,33,42,0.0
2,astar,14,200014,12,2,10,0,31,42,0.0312
2,genetico,14,200014,12,0,12,0,,70,5.5156
3,bfs,14,300014,12,11,1,0,35,35,0.0156
3,ucs,14,300014,12,11,1,0,35,35,0.0625
3,greedy,14,300014,12,12,0,0,39,39,0.0
3,astar,14,300014,12,11,1,0,35,35,0.0312
3,genetico,14,300014,12,0,12,0,,54,4.0781
1,bfs,15,100015,12,12,0,0,37,37,0.0
1,ucs,15,100015,12,12,0,0,37,37,0.0156
1,greedy,15,100015,12,12,0,0,37,37,0.0156
1,astar,15,100015,12,12,0,0,37,37,0.0156
1,genetico,15,100015,12,12,0,0,65,65,2.375
2,bfs,15,200015,12,11,1,0,37,37,0.0156
2,ucs,15,200015,12,11,1,0,37,37,0.0469
2,greedy,15,200015,12,11,1,0,37,37,0.0
2,astar,15,200015,12,11,1,0,37,37,0.0156
2,genetico,15,200015,12,0,12,0,,66,4.3438
3,bfs,15,300015,12,11,1,0,38,38,0.0
3,ucs,15,300015,12,11,1,0,38,38,0.0625
3,greedy,15,300015,12,10,2,0,40,40,0.0
3,astar,15,300015,12,11,1,0,38,38,0.0469
3,genetico,15,300015,12,2,10,0,41,46,3.3281
1,bfs,16,100016,12,12,0,0,35,35,0.0
1,ucs,16,100016,12,12,0,0,35,35,0.0
1,greedy,16,100016,12,12,0,0,35,35,0.0
1,astar,16,100016,12,12,0,0,35,35,0.0
1,genetico,16,100016,12,12,0,0,65,65,2.0
2,bfs,16,200016,12,12,0,0,38,38,0.0156
2,ucs,16,200016,12,12,0,0,38,38,0.0312
2,greedy,16,200016,12,12,0,0,44,44,0.0
2,astar,16,200016,12,12,0,0,38,38,0.0312
2,genetico,16,200016,12,5,7,0,81,81,4.1562
3,bfs,16,300016,12,0,12,0,,30,0.0156
3,ucs,16,300016,12,0,12,0,,30,0.1094
3,greedy,16,300016,12,0,12,0,,30,0.0156
3,astar,16,300016,12,0,12,0,,30,0.1094
3,genetico,16,300016,12,0,12,0,,98,4.0938
1,bfs,17,100017,12,9,3,0,51,51,0.0
1,ucs,17,100017,12,9,3,0,51,51,0.0156
1,greedy,17,100017,12,9,3,0,51,51,0.0
1,astar,17,100017,12,9,3,0,51,51,0.0156
1,genetico,17,100017,12,0,12,0,,50,3.5938
2,bfs,17,200017,12,12,0,0,38,38,0.0156
2,ucs,17,200017,12,12,0,0,38,38,0.0312
2,greedy,17,200017,12,12,0,0,39,39,0.0
2,astar,17,200017,12,12,0,0,38,38,0.0156
2,genetico,17,200017,12,12,0,0,70,70,1.875
3,bfs,17,300017,12,6,6,0,31,46,0.0156
3,ucs,17,300017,12,6,6,0,31,46,0.0781
3,greedy,17,300017,12,5,7,0,33,38,0.0
3,astar,17,300017,12,6,6,0,31,38,0.0469
3,genetico,17,300017,12,12,0,0,52,52,2.7031
1,bfs,18,100018,12,12,0,0,38,38,0.0156
1,ucs,18,100018,12,12,0,0,38,38,0.0156
1,greedy,18,100018,12,12,0,0,38,38,0.0
1,astar,18,100018,12,12,0,0,38,38,0.0
1,genetico,18,100018,12,12,0,0,68,68,2.2188
2,bfs,18,200018,12,11,1,0,37,37,0.0156
2,ucs,18,200018,12,12,0,0,42,42,0.0312
2,greedy,18,200018,12,11,1,0,37,37,0.0156
2,astar,18,200018,12,12,0,0,42,42,0.0156
2,genetico,18,200018,12,10,2,0,51,51,2.6406
3,bfs,18,300018,12,12,0,0,37,37,0.0156
3,ucs,18,300018,12,11,1,0,35,35,0.0469
3,greedy,18,300018,12,12,0,0,37,37,0.0
3,astar,18,300018,12,11,1,0,35,35,0.0312
3,genetico,18,300018,12,12,0,0,50,50,2.0156
1,bfs,19,100019,12,12,0,0,38,38,0.0156
1,ucs,19,100019,12,12,0,0,38,38,0.0156
1,greedy,19,100019,12,12,0,0,38,38,0.0
1,astar,19,100019,12,12,0,0,38,38,0.0156
1,genetico,19,100019,12,12,0,0,56,56,2.2344
2,bfs,19,200019,12,12,0,0,37,37,0.0156
2,ucs,19,200019,12,12,0,0,37,37,0.0469
2,greedy,19,200019,12,12,0,0,41,41,0.0
2,astar,19,200019,12,12,0,0,37,37,0.0156
2,genetico,19,200019,12,12,0,0,103,103,2.8281
3,bfs,19,300019,12,12,0,0,37,37,0.0
3,ucs,19,300019,12,12,0,0,37,37,0.0781
3,greedy,19,300019,12,12,0,0,37,37,0.0
3,astar,19,300019,12,12,0,0,37,37,0.0469
3,genetico,19,300019,12,12,0,0,55,55,2.5
1,bfs,20,100020,12,12,0,0,38,38,0.0
1,ucs,20,100020,12,12,0,0,38,38,0.0
1,greedy,20,100020,12,12,0,0,38,38,0.0156
1,astar,20,100020,12,12,0,0,38,38,0.0
1,genetico,20,100020,12,12,0,0,109,109,2.25
2,bfs,20,200020,12,12,0,0,37,37,0.0156
2,ucs,20,200020,12,12,0,0,37,37,0.0469
2,greedy,20,200020,12,12,0,0,39,39,0.0156
2,astar,20,200020,12,12,0,0,37,37,0.0156
2,genetico,20,200020,12,9,3,0,78,78,2.8594
3,bfs,20,300020,12,10,2,0,34,34,0.0
3,ucs,20,300020,12,10,2,0,34,34,0.0469
3,greedy,20,300020,12,10,2,0,34,34,0.0
3,astar,20,300020,12,10,2,0,34,34,0.0312
3,genetico,20,300020,12,9,3,0,48,48,3.5
1,bfs,21,100021,12,8,4,0,35,35,0.0
1,ucs,21,100021,12,8,4,0,35,35,0.0156
1,greedy,21,100021,12,8,4,0,35,35,0.0
1,astar,21,100021,12,8,4,0,35,35,0.0156
1,genetico,21,100021,12,5,7,0,54,54,3.5
2,bfs,21,200021,12,0,12,0,,26,0.0312
2,ucs,21,200021,12,0,12,0,,26,0.125
2,greedy,21,200021,12,0,12,0,,26,0.0156
2,astar,21,200021,12,0,12,0,,26,0.0938
2,genetico,21,200021,12,0,12,0,,86,6.4062
3,bfs,21,300021,12,12,0,0,38,38,0.0156
3,ucs,21,300021,12,12,0,0,38,38,0.0625
3,greedy,21,300021,12,12,0,0,42,42,0.0156
3,astar,21,300021,12,12,0,0,38,38,0.0469
3,genetico,21,300021,12,11,1,0,59,59,2.25
1,bfs,22,100022,12,8,4,0,36,46,0.0
1,ucs,22,100022,12,8,4,0,36,46,0.0
1,greedy,22,100022,12,8,4,0,36,46,0.0
1,astar,22,100022,12,8,4,0,36,46,0.0156
1,genetico,22,100022,12,1,11,0,36,82,4.6094
2,bfs,22,200022,12,12,0,0,38,38,0.0156
2,ucs,22,200022,12,12,0,0,38,38,0.0312
2,greedy,22,200022,12,12,0,0,42,42,0.0
2,astar,22,200022,12,12,0,0,38,38,0.0156
2,genetico,22,200022,12,12,0,0,176,176,3.75
3,bfs,22,300022,12,12,0,0,38,38,0.0
3,ucs,22,300022,12,12,0,0,38,38,0.0625
3,greedy,22,300022,12,12,0,0,42,42,0.0
3,astar,22,300022,12,12,0,0,38,38,0.0312
3,genetico,22,300022,12,12,0,0,56,56,2.5625
1,bfs,23,100023,12,0,12,0,,26,0.0
1,ucs,23,100023,12,0,12,0,,26,0.0312
1,greedy,23,100023,12,0,12,0,,26,0.0
1,astar,23,100023,12,0,12,0,,26,0.0156
1,genetico,23,100023,12,0,12,0,,86,5.7656
2,bfs,23,200023,12,12,0,0,37,37,0.0
2,ucs,23,200023,12,12,0,0,39,39,0.0469
2,greedy,23,200023,12,12,0,0,45,45,0.0
2,astar,23,200023,12,12,0,0,39,39,0.0156
2,genetico,23,200023,12,10,2,0,82,126,2.9844
3,bfs,23,300023,12,12,0,0,36,36,0.0
3,ucs,23,300023,12,12,0,0,36,36,0.0625
3,greedy,23,300023,12,9,3,0,39,39,0.0156
3,astar,23,300023,12,12,0,0,36,36,0.0312
3,genetico,23,300023,12,12,0,0,54,54,2.2031
1,bfs,24,100024,12,12,0,0,38,38,0.0
1,ucs,24,100024,12,12,0,0,38,38,0.0156
1,greedy,24,100024,12,12,0,0,38,38,0.0
1,astar,24,100024,12,12,0,0,38,38,0.0
1,genetico,24,100024,12,12,0,0,73,73,2.0781
2,bfs,24,200024,12,5,7,0,36,36,0.0156
2,ucs,24,200024,12,7,5,0,36,36,0.0781
2,greedy,24,200024,12,2,10,0,33,34,0.0
2,astar,24,200024,12,7,5,0,36,36,0.0312
2,genetico,24,200024,12,1,11,0,43,66,5.125
3,bfs,24,300024,12,12,0,0,37,37,0.0
3,ucs,24,300024,12,12,0,0,37,37,0.0469
3,greedy,24,300024,12,11,1,0,38,38,0.0156
3,astar,24,300024,12,12,0,0,37,37,0.0312
3,genetico,24,300024,12,2,10,0,41,42,3.6875
1,bfs,25,100025,12,9,3,0,45,45,0.0156
1,ucs,25,100025,12,8,4,0,45,45,0.0
1,greedy,25,100025,12,9,3,0,45,45,0.0156
1,astar,25,100025,12,8,4,0,45,45,0.0156
1,genetico,25,100025,12,6,6,0,56,56,3.4531
2,bfs,25,200025,12,12,0,0,36,36,0.0
2,ucs,25,200025,12,12,0,0,36,36,0.0312
2,greedy,25,200025,12,12,0,0,36,36,0.0156
2,astar,25,200025,12,12,0,0,36,36,0.0156
2,genetico,25,200025,12,10,2,0,62,78,2.1875
3,bfs,25,300025,12,7,5,0,40,40,0.0312
3,ucs,25,300025,12,11,1,0,40,40,0.0781
3,greedy,25,300025,12,7,5,0,42,42,0.0156
3,astar,25,300025,12,10,2,0,40,40,0.0625
3,genetico,25,300025,12,9,3,0,54,54,2.3125
1,bfs,26,100026,12,0,12,0,,34,0.0156
1,ucs,26,100026,12,0,12,0,,34,0.0156
1,greedy,26,100026,12,0,12,0,,34,0.0
1,astar,26,100026,12,0,12,0,,34,0.0312
1,genetico,26,100026,12,0,12,0,,122,5.6094
2,bfs,26,200026,12,10,2,0,44,44,0.0156
2,ucs,26,200026,12,10,2,0,44,44,0.0781
2,greedy,26,200026,12,8,4,0,44,46,0.0156
2,astar,26,200026,12,10,2,0,44,44,0.0312
2,genetico,26,200026,12,0,12,0,,86,6.1875
3,bfs,26,300026,12,10,2,0,35,35,0.0
3,ucs,26,300026,12,10,2,0,35,35,0.0625
3,greedy,26,300026,12,10,2,0,39,39,0.0
3,astar,26,300026,12,10,2,0,35,35,0.0469
3,genetico,26,300026,12,12,0,0,73,73,2.3125
1,bfs,27,100027,12,12,0,0,42,42,0.0
1,ucs,27,100027,12,12,0,0,42,42,0.0156
1,greedy,27,100027,12,12,0,0,42,42,0.0
1,astar,27,100027,12,12,0,0,42,42,0.0
1,genetico,27,100027,12,12,0,0,123,123,2.9531
2,bfs,27,200027,12,12,0,0,38,38,0.0
2,ucs,27,200027,12,12,0,0,38,38,0.0312
2,greedy,27,200027,12,12,0,0,38,38,0.0156
2,astar,27,200027,12,12,0,0,38,38,0.0156
2,genetico,27,200027,12,12,0,0,65,65,2.625
3,bfs,27,300027,12,12,0,0,38,38,0.0156
3,ucs,27,300027,12,12,0,0,38,38,0.0625
3,greedy,27,300027,12,12,0,0,40,40,0.0156
3,astar,27,300027,12,12,0,0,38,38,0.0312
3,genetico,27,300027,12,11,1,0,66,66,2.7969
1,bfs,28,100028,12,12,0,0,38,38,0.0
1,ucs,28,100028,12,12,0,0,38,38,0.0156
1,greedy,28,100028,12,12,0,0,38,38,0.0
1,astar,28,100028,12,12,0,0,38,38,0.0156
1,genetico,28,100028,12,12,0,0,57,57,2.2969
2,bfs,28,200028,12,12,0,0,46,46,0.0156
2,ucs,28,200028,12,12,0,0,48,48,0.0469
2,greedy,28,200028,12,12,0,0,48,48,0.0
2,astar,28,200028,12,12,0,0,50,50,0.0156
2,genetico,28,200028,12,0,12,0,,214,10.6094
3,bfs,28,300028,12,12,0,0,36,36,0.0156
3,ucs,28,300028,12,12,0,0,36,36,0.0781
3,greedy,28,300028,12,12,0,0,40,40,0.0
3,astar,28,300028,12,12,0,0,36,36,0.0312
3,genetico,28,300028,12,4,8,0,46,46,4.4531
1,bfs,29,100029,12,12,0,0,37,37,0.0
1,ucs,29,100029,12,12,0,0,37,37,0.0156
1,greedy,29,100029,12,12,0,0,37,37,0.0
1,astar,29,100029,12,12,0,0,37,37,0.0
1,genetico,29,100029,12,12,0,0,61,61,2.3438
2,bfs,29,200029,12,0,12,0,,18,0.0156
2,ucs,29,200029,12,0,12,0,,18,0.0625
2,greedy,29,200029,12,0,12,0,,26,0.0
2,astar,29,200029,12,0,12,0,,18,0.0781
2,genetico,29,200029,12,0,12,0,,94,7.4688
3,bfs,29,300029,12,12,0,0,36,36,0.0156
3,ucs,29,300029,12,12,0,0,36,36,0.0625
3,greedy,29,300029,12,11,1,0,36,38,0.0
3,astar,29,300029,12,12,0,0,36,36,0.0469
3,genetico,29,300029,12,0,12,0,,70,4.9531
1,bfs,30,100030,12,12,0,0,37,37,0.0
1,ucs,30,100030,12,12,0,0,37,37,0.0156
1,greedy,30,100030,12,12,0,0,37,37,0.0
1,astar,30,100030,12,12,0,0,37,37,0.0
1,genetico,30,100030,12,12,0,0,78,78,2.2656
2,bfs,30,200030,12,8,4,0,55,55,0.0156
2,ucs,30,200030,12,7,5,0,54,54,0.0781
2,greedy,30,200030,12,8,4,0,57,57,0.0156
2,astar,30,200030,12,7,5,0,54,54,0.0469
2,genetico,30,200030,12,0,12,0,,110,5.2969
3,bfs,30,300030,12,0,12,0,,38,0.0156
3,ucs,30,300030,12,0,12,0,,38,0.2031
3,greedy,30,300030,12,0,12,0,,38,0.0156
3,astar,30,300030,12,0,12,0,,38,0.1406
3,genetico,30,300030,12,1,11,0,35,62,4.6562
1,bfs,31,100031,12,12,0,0,38,38,0.0
1,ucs,31,100031,12,12,0,0,38,38,0.0156
1,greedy,31,100031,12,12,0,0,38,38,0.0156
1,astar,31,100031,12,12,0,0,38,38,0.0156
1,genetico,31,100031,12,12,0,0,65,65,2.5625
2,bfs,31,200031,12,9,3,0,38,38,0.0156
2,ucs,31,200031,12,7,5,0,40,40,0.0625
2,greedy,31,200031,12,9,3,0,38,38,0.0
2,astar,31,200031,12,7,5,0,40,40,0.0469
2,genetico,31,200031,12,5,7,0,55,55,5.4219
3,bfs,31,300031,12,12,0,0,38,38,0.0156
3,ucs,31,300031,12,12,0,0,38,38,0.0625
3,greedy,31,300031,12,12,0,0,38,38,0.0
3,astar,31,300031,12,12,0,0,38,38,0.0469
3,genetico,31,300031,12,9,3,0,58,58,4.9688
1,bfs,32,100032,12,11,1,0,43,43,0.0
1,ucs,32,100032,12,11,1,0,43,43,0.0156
1,greedy,32,100032,12,11,1,0,43,43,0.0
1,astar,32,100032,12,11,1,0,43,43,0.0
1,genetico,32,100032,12,4,8,0,46,50,5.3906
2,bfs,32,200032,12,12,0,0,37,37,0.0
2,ucs,32,200032,12,12,0,0,37,37,0.0312
2,greedy,32,200032,12,12,0,0,43,43,0.0
2,astar,32,200032,12,12,0,0,37,37,0.0312
2,genetico,32,200032,12,10,2,0,99,99,2.5312
3,bfs,32,300032,12,0,12,0,,30,0.0156
3,ucs,32,300032,12,0,12,0,,30,0.1406
3,greedy,32,300032,12,0,12,0,,30,0.0312
3,astar,32,300032,12,0,12,0,,30,0.125
3,genetico,32,300032,12,0,12,0,,102,4.5938
1,bfs,33,100033,12,12,0,0,38,38,0.0
1,ucs,33,100033,12,12,0,0,38,38,0.0312
1,greedy,33,100033,12,12,0,0,38,38,0.0
1,astar,33,100033,12,12,0,0,38,38,0.0
1,genetico,33,100033,12,12,0,0,110,110,2.5781
2,bfs,33,200033,12,2,10,0,38,70,0.0156
2,ucs,33,200033,12,2,10,0,38,70,0.0938
2,greedy,33,200033,12,0,12,0,,42,0.0156
2,astar,33,200033,12,2,10,0,38,70,0.0781
2,genetico,33,200033,12,0,12,0,,126,6.875
3,bfs,33,300033,12,12,0,0,37,37,0.0
3,ucs,33,300033,12,12,0,0,37,37,0.0781
3,greedy,33,300033,12,12,0,0,41,41,0.0
3,astar,33,300033,12,12,0,0,37,37,0.0938
3,genetico,33,300033,12,12,0,0,47,47,2.9062
1,bfs,34,100034,12,12,0,0,37,37,0.0156
1,ucs,34,100034,12,12,0,0,37,37,0.0312
1,greedy,34,100034,12,12,0,0,37,37,0.0
1,astar,34,100034,12,12,0,0,37,37,0.0
1,genetico,34,100034,12,11,1,0,53,53,2.2812
2,bfs,34,200034,12,12,0,0,37,37,0.0
2,ucs,34,200034,12,12,0,0,37,37,0.0469
2,greedy,34,200034,12,8,4,0,39,39,0.0
2,astar,34,200034,12,12,0,0,37,37,0.0156
2,genetico,34,200034,12,3,9,0,52,78,5.1875
3,bfs,34,300034,12,8,4,0,34,34,0.0156
3,ucs,34,300034,12,8,4,0,34,34,0.0625
3,greedy,34,300034,12,4,8,0,34,34,0.0156
3,astar,34,300034,12,8,4,0,34,34,0.0469
3,genetico,34,300034,12,0,12,0,,66,4.9375
1,bfs,35,100035,12,12,0,0,40,40,0.0
1,ucs,35,100035,12,12,0,0,40,40,0.0
1,greedy,35,100035,12,12,0,0,40,40,0.0156
1,astar,35,100035,12,12,0,0,40,40,0.0156
1,genetico,35,100035,12,10,2,0,76,76,2.5938
2,bfs,35,200035,12,7,5,0,54,54,0.0156
2,ucs,35,200035,12,10,2,0,54,54,0.0625
2,greedy,35,200035,12,6,6,0,58,58,0.0156
2,astar,35,200035,12,10,2,0,54,54,0.0469
2,genetico,35,200035,12,3,9,0,68,98,5.5312
3,bfs,35,300035,12,12,0,0,37,37,0.0156
3,ucs,35,300035,12,12,0,0,37,37,0.0469
3,greedy,35,300035,12,12,0,0,39,39,0.0
3,astar,35,300035,12,12,0,0,37,37,0.0469
3,genetico,35,300035,12,10,2,0,49,49,2.875
1,bfs,36,100036,12,12,0,0,38,38,0.0156
1,ucs,36,100036,12,12,0,0,38,38,0.0312
1,greedy,36,100036,12,12,0,0,38,38,0.0
1,astar,36,100036,12,12,0,0,38,38,0.0
1,genetico,36,100036,12,12,0,0,58,58,2.9688
2,bfs,36,200036,12,12,0,0,37,37,0.0
2,ucs,36,200036,12,12,0,0,37,37,0.0625
2,greedy,36,200036,12,12,0,0,37,37,0.0
2,astar,36,200036,12,12,0,0,37,37,0.0312
2,genetico,36,200036,12,7,5,0,65,65,4.7031
3,bfs,36,300036,12,12,0,0,35,35,0.0156
3,ucs,36,300036,12,12,0,0,35,35,0.1094
3,greedy,36,300036,12,12,0,0,35,35,0.0
3,astar,36,300036,12,12,0,0,35,35,0.0781
3,genetico,36,300036,12,8,4,0,46,46,4.0938
1,bfs,37,100037,12,12,0,0,40,40,0.0
1,ucs,37,100037,12,12,0,0,40,40,0.0156
1,greedy,37,100037,12,12,0,0,40,40,0.0
1,astar,37,100037,12,12,0,0,40,40,0.0
1,genetico,37,100037,12,8,4,0,65,65,3.3906
2,bfs,37,200037,12,12,0,0,37,37,0.0156
2,ucs,37,200037,12,12,0,0,37,37,0.0781
2,greedy,37,200037,12,12,0,0,37,37,0.0
2,astar,37,200037,12,12,0,0,37,37,0.0469
2,genetico,37,200037,12,8,4,0,54,54,3.5312
3,bfs,37,300037,12,12,0,0,34,34,0.0
3,ucs,37,300037,12,12,0,0,34,34,0.0625
3,greedy,37,300037,12,12,0,0,36,36,0.0
3,astar,37,300037,12,12,0,0,34,34,0.0469
3,genetico,37,300037,12,5,7,0,51,51,3.375
1,bfs,38,100038,12,12,0,0,43,43,0.0156
1,ucs,38,100038,12,12,0,0,43,43,0.0312
1,greedy,38,100038,12,12,0,0,43,43,0.0
1,astar,38,100038,12,12,0,0,43,43,0.0312
1,genetico,38,100038,12,10,0,2,176,300,5.0625
2,bfs,38,200038,12,0,12,0,,30,0.0312
2,ucs,38,200038,12,0,12,0,,30,0.1406
2,greedy,38,200038,12,0,12,0,,30,0.0156
2,astar,38,200038,12,0,12,0,,30,0.0938
2,genetico,38,200038,12,0,12,0,,110,5.0625
3,bfs,38,300038,12,2,10,0,30,50,0.0312
3,ucs,38,300038,12,6,6,0,35,50,0.1719
3,greedy,38,300038,12,2,10,0,32,34,0.0
3,astar,38,300038,12,6,6,0,35,35,0.0312
3,genetico,38,300038,12,11,1,0,52,52,2.5
1,bfs,39,100039,12,12,0,0,36,36,0.0156
1,ucs,39,100039,12,12,0,0,36,36,0.0156
1,greedy,39,100039,12,12,0,0,36,36,0.0
1,astar,39,100039,12,12,0,0,36,36,0.0156
1,genetico,39,100039,12,12,0,0,68,68,2.5938
2,bfs,39,200039,12,7,5,0,35,35,0.0156
2,ucs,39,200039,12,7,5,0,35,35,0.0312
2,greedy,39,200039,12,3,9,0,32,34,0.0
2,astar,39,200039,12,7,5,0,35,35,0.0
2,genetico,39,200039,12,0,12,0,,62,6.1094
3,bfs,39,300039,12,9,3,0,34,38,0.0156
3,ucs,39,300039,12,9,3,0,34,38,0.125
3,greedy,39,300039,12,4,8,0,34,38,0.0156
3,astar,39,300039,12,9,3,0,34,38,0.0938
3,genetico,39,300039,12,1,11,0,33,50,3.375
1,bfs,40,100040,12,12,0,0,38,38,0.0
1,ucs,40,100040,12,12,0,0,38,38,0.0156
1,greedy,40,100040,12,12,0,0,38,38,0.0
1,astar,40,100040,12,12,0,0,38,38,0.0
1,genetico,40,100040,12,12,0,0,60,60,2.1562
2,bfs,40,200040,12,12,0,0,38,38,0.0
2,ucs,40,200040,12,12,0,0,38,38,0.0625
2,greedy,40,200040,12,11,1,0,42,42,0.0
2,astar,40,200040,12,12,0,0,38,38,0.0156
2,genetico,40,200040,12,9,3,0,65,74,2.9844
3,bfs,40,300040,12,12,0,0,37,37,0.0156
3,ucs,40,300040,12,12,0,0,37,37,0.0625
3,greedy,40,300040,12,12,0,0,37,37,0.0156
3,astar,40,300040,12,12,0,0,37,37,0.0312
3,genetico,40,300040,12,8,4,0,53,70,3.7188
1,bfs,41,100041,12,12,0,0,38,38,0.0
1,ucs,41,100041,12,12,0,0,38,38,0.0156
1,greedy,41,100041,12,12,0,0,38,38,0.0
1,astar,41,100041,12,12,0,0,38,38,0.0156
1,genetico,41,100041,12,12,0,0,56,56,2.3281
2,bfs,41,200041,12,10,2,0,51,51,0.0156
2,ucs,41,200041,12,10,2,0,53,53,0.0938
2,greedy,41,200041,12,10,2,0,39,39,0.0156
2,astar,41,200041,12,10,2,0,39,39,0.0312
2,genetico,41,200041,12,3,9,0,62,122,4.5156
3,bfs,41,300041,12,12,0,0,39,39,0.0
3,ucs,41,300041,12,12,0,0,37,37,0.0625
3,greedy,41,300041,12,12,0,0,43,43,0.0156
3,astar,41,300041,12,12,0,0,37,37,0.0469
3,genetico,41,300041,12,12,0,0,56,56,2.6094
1,bfs,42,100042,12,12,0,0,39,39,0.0
1,ucs,42,100042,12,12,0,0,39,39,0.0156
1,greedy,42,100042,12,12,0,0,39,39,0.0
1,astar,42,100042,12,12,0,0,39,39,0.0156
1,genetico,42,100042,12,12,0,0,155,155,3.4219
2,bfs,42,200042,12,12,0,0,36,36,0.0156
2,ucs,42,200042,12,12,0,0,36,36,0.0312
2,greedy,42,200042,12,12,0,0,38,38,0.0
2,astar,42,200042,12,12,0,0,36,36,0.0312
2,genetico,42,200042,12,12,0,0,58,58,2.5312
3,bfs,42,300042,12,0,12,0,,30,0.0312
3,ucs,42,300042,12,0,12,0,,30,0.2031
3,greedy,42,300042,12,0,12,0,,30,0.0156
3,astar,42,300042,12,0,12,0,,30,0.1719
3,genetico,42,300042,12,0,12,0,,62,4.8594
1,bfs,43,100043,12,6,6,0,38,38,0.0156
1,ucs,43,100043,12,6,6,0,38,38,0.0156
1,greedy,43,100043,12,6,6,0,38,38,0.0156
1,astar,43,100043,12,6,6,0,38,38,0.0156
1,genetico,43,100043,12,6,6,0,61,61,3.5781
2,bfs,43,200043,12,12,0,0,41,41,0.0
2,ucs,43,200043,12,12,0,0,41,41,0.0312
2,greedy,43,200043,12,12,0,0,47,47,0.0
2,astar,43,200043,12,12,0,0,41,41,0.0312
2,genetico,43,200043,12,3,9,0,65,130,4.5156
3,bfs,43,300043,12,1,11,0,30,50,0.0156
3,ucs,43,300043,12,3,9,0,34,50,0.125
3,greedy,43,300043,12,1,11,0,30,50,0.0
3,astar,43,300043,12,3,9,0,34,42,0.0625
3,genetico,43,300043,12,5,7,0,43,62,2.8281
1,bfs,44,100044,12,12,0,0,44,44,0.0
1,ucs,44,100044,12,12,0,0,44,44,0.0156
1,greedy,44,100044,12,12,0,0,44,44,0.0
1,astar,44,100044,12,12,0,0,44,44,0.0
1,genetico,44,100044,12,4,0,8,70,300,8.1719
2,bfs,44,200044,12,9,3,0,45,45,0.0156
2,ucs,44,200044,12,9,3,0,45,45,0.0469
2,greedy,44,200044,12,9,3,0,45,45,0.0
2,astar,44,200044,12,9,3,0,45,45,0.0312
2,genetico,44,200044,12,0,12,0,,58,5.1094
3,bfs,44,300044,12,4,8,0,38,38,0.0156
3,ucs,44,300044,12,7,5,0,38,38,0.0625
3,greedy,44,300044,12,4,8,0,40,40,0.0
3,astar,44,300044,12,7,5,0,38,38,0.0469
3,genetico,44,300044,12,11,1,0,48,48,2.6094
1,bfs,45,100045,12,3,9,0,32,32,0.0
1,ucs,45,100045,12,3,9,0,32,32,0.0156
1,greedy,45,100045,12,3,9,0,32,32,0.0
1,astar,45,100045,12,3,9,0,32,32,0.0156
1,genetico,45,100045,12,0,12,0,,38,4.8281
2,bfs,45,200045,12,12,0,0,40,40,0.0156
2,ucs,45,200045,12,12,0,0,40,40,0.0469
2,greedy,45,200045,12,12,0,0,44,44,0.0
2,astar,45,200045,12,12,0,0,40,40,0.0312
2,genetico,45,200045,12,12,0,0,115,115,2.4375
3,bfs,45,300045,12,12,0,0,37,37,0.0156
3,ucs,45,300045,12,12,0,0,37,37,0.0781
3,greedy,45,300045,12,12,0,0,39,39,0.0
3,astar,45,300045,12,12,0,0,37,37,0.0469
3,genetico,45,300045,12,12,0,0,52,52,2.5156
1,bfs,46,100046,12,12,0,0,38,38,0.0
1,ucs,46,100046,12,12,0,0,38,38,0.0156
1,greedy,46,100046,12,12,0,0,38,38,0.0
1,astar,46,100046,12,12,0,0,38,38,0.0156
1,genetico,46,100046,12,12,0,0,117,117,2.6875
2,bfs,46,200046,12,12,0,0,38,38,0.0156
2,ucs,46,200046,12,12,0,0,38,38,0.0625
2,greedy,46,200046,12,10,2,0,60,60,0.0
2,astar,46,200046,12,12,0,0,38,38,0.0156
2,genetico,46,200046,12,12,0,0,63,63,2.2344
3,bfs,46,300046,12,0,12,0,,34,0.0156
3,ucs,46,300046,12,0,12,0,,34,0.1406
3,greedy,46,300046,12,0,12,0,,38,0.0156
3,astar,46,300046,12,0,12,0,,34,0.0938
3,genetico,46,300046,12,0,12,0,,106,4.0312
1,bfs,47,100047,12,12,0,0,38,38,0.0
1,ucs,47,100047,12,12,0,0,38,38,0.0156
1,greedy,47,100047,12,12,0,0,38,38,0.0
1,astar,47,100047,12,12,0,0,38,38,0.0156
1,genetico,47,100047,12,12,0,0,62,62,2.25
2,bfs,47,200047,12,12,0,0,38,38,0.0
2,ucs,47,200047,12,12,0,0,40,40,0.0312
2,greedy,47,200047,12,12,0,0,42,42,0.0
2,astar,47,200047,12,12,0,0,40,40,0.0156
2,genetico,47,200047,12,5,7,0,84,106,4.1875
3,bfs,47,300047,12,12,0,0,36,36,0.0
3,ucs,47,300047,12,12,0,0,36,36,0.0781
3,greedy,47,300047,12,12,0,0,40,40,0.0
3,astar,47,300047,12,12,0,0,36,36,0.0625
3,genetico,47,300047,12,5,7,0,44,44,4.2188
1,bfs,48,100048,12,12,0,0,38,38,0.0
1,ucs,48,100048,12,12,0,0,38,38,0.0156
1,greedy,48,100048,12,12,0,0,38,38,0.0156
1,astar,48,100048,12,12,0,0,38,38,0.0
1,genetico,48,100048,12,12,0,0,80,80,2.0781
2,bfs,48,200048,12,0,12,0,,26,0.0156
2,ucs,48,200048,12,0,12,0,,26,0.125
2,greedy,48,200048,12,0,12,0,,30,0.0156
2,astar,48,200048,12,0,12,0,,26,0.125
2,genetico,48,200048,12,0,12,0,,138,5.5625
3,bfs,48,300048,12,11,1,0,36,36,0.0
3,ucs,48,300048,12,12,0,0,37,37,0.0781
3,greedy,48,300048,12,11,1,0,36,36,0.0
3,astar,48,300048,12,12,0,0,37,37,0.0469
3,genetico,48,300048,12,12,0,0,48,48,2.2969
1,bfs,49,100049,12,12,0,0,35,35,0.0
1,ucs,49,100049,12,12,0,0,35,35,0.0156
1,greedy,49,100049,12,12,0,0,35,35,0.0
1,astar,49,100049,12,12,0,0,35,35,0.0
1,genetico,49,100049,12,12,0,0,63,63,2.3438
2,bfs,49,200049,12,12,0,0,45,45,0.0156
2,ucs,49,200049,12,12,0,0,45,45,0.0312
2,greedy,49,200049,12,12,0,0,55,55,0.0
2,astar,49,200049,12,12,0,0,45,45,0.0312
2,genetico,49,200049,12,5,0,7,120,300,7.7344
3,bfs,49,300049,12,12,0,0,36,36,0.0156
3,ucs,49,300049,12,12,0,0,36,36,0.0469
3,greedy,49,300049,12,12,0,0,38,38,0.0156
3,astar,49,300049,12,12,0,0,36,36,0.0312
3,genetico,49,300049,12,10,2,0,56,56,2.4375
1,bfs,50,100050,12,10,2,0,38,38,0.0156
1,ucs,50,100050,12,10,2,0,38,38,0.0156
1,greedy,50,100050,12,10,2,0,38,38,0.0
1,astar,50,100050,12,10,2,0,38,38,0.0
1,genetico,50,100050,12,8,4,0,54,102,2.7188
2,bfs,50,200050,12,12,0,0,38,38,0.0156
2,ucs,50,200050,12,12,0,0,38,38,0.0312
2,greedy,50,200050,12,12,0,0,38,38,0.0
2,astar,50,200050,12,12,0,0,38,38,0.0156
2,genetico,50,200050,12,1,11,0,31,130,3.2969
3,bfs,50,300050,12,0,12,0,,38,0.0312
3,ucs,50,300050,12,0,12,0,,42,0.2344
3,greedy,50,300050,12,0,12,0,,38,0.0
3,astar,50,300050,12,0,12,0,,42,0.1094
3,genetico,50,300050,12,0,12,0,,58,3.375
1,bfs,51,100051,12,12,0,0,36,36,0.0
1,ucs,51,100051,12,12,0,0,36,36,0.0156
1,greedy,51,100051,12,12,0,0,36,36,0.0
1,astar,51,100051,12,12,0,0,36,36,0.0
1,genetico,51,100051,12,12,0,0,58,58,2.25
2,bfs,51,200051,12,12,0,0,37,37,0.0156
2,ucs,51,200051,12,12,0,0,37,37,0.0312
2,greedy,51,200051,12,11,1,0,44,44,0.0156
2,astar,51,200051,12,12,0,0,37,37,0.0156
2,genetico,51,200051,12,4,8,0,91,130,3.9844
3,bfs,51,300051,12,1,11,0,34,34,0.0
3,ucs,51,300051,12,1,11,0,34,42,0.1562
3,greedy,51,300051,12,1,11,0,34,34,0.0
3,astar,51,300051,12,1,11,0,34,34,0.0469
3,genetico,51,300051,12,4,8,0,38,50,2.7188
1,bfs,52,100052,12,8,4,0,35,35,0.0
1,ucs,52,100052,12,8,4,0,35,35,0.0156
1,greedy,52,100052,12,8,4,0,35,35,0.0
1,astar,52,100052,12,8,4,0,35,35,0.0
1,genetico,52,100052,12,4,8,0,54,54,4.5781
2,bfs,52,200052,12,12,0,0,38,38,0.0
2,ucs,52,200052,12,12,0,0,38,38,0.0469
2,greedy,52,200052,12,12,0,0,38,38,0.0
2,astar,52,200052,12,12,0,0,38,38,0.0156
2,genetico,52,200052,12,11,1,0,72,72,2.2812
3,bfs,52,300052,12,12,0,0,38,38,0.0156
3,ucs,52,300052,12,12,0,0,38,38,0.0781
3,greedy,52,300052,12,12,0,0,42,42,0.0
3,astar,52,300052,12,12,0,0,38,38,0.0469
3,genetico,52,300052,12,11,1,0,55,55,2.4531
1,bfs,53,100053,12,12,0,0,39,39,0.0
1,ucs,53,100053,12,12,0,0,39,39,0.0156
1,greedy,53,100053,12,12,0,0,39,39,0.0156
1,astar,53,100053,12,12,0,0,39,39,0.0
1,genetico,53,100053,12,12,0,0,250,250,3.0781
2,bfs,53,200053,12,12,0,0,41,41,0.0
2,ucs,53,200053,12,12,0,0,43,43,0.0469
2,greedy,53,200053,12,12,0,0,41,41,0.0
2,astar,53,200053,12,12,0,0,43,43,0.0156
2,genetico,53,200053,12,12,0,0,56,56,2.6875
3,bfs,53,300053,12,3,9,0,31,31,0.0156
3,ucs,53,300053,12,10,2,0,41,41,0.1094
3,greedy,53,300053,12,3,9,0,33,33,0.0
3,astar,53,300053,12,10,2,0,41,41,0.0469
3,genetico,53,300053,12,12,0,0,53,53,2.3438
1,bfs,54,100054,12,12,0,0,37,37,0.0
1,ucs,54,100054,12,12,0,0,37,37,0.0312
1,greedy,54,100054,12,12,0,0,37,37,0.0
1,astar,54,100054,12,12,0,0,37,37,0.0156
1,genetico,54,100054,12,12,0,0,59,59,2.3438
2,bfs,54,200054,12,4,8,0,35,35,0.0
2,ucs,54,200054,12,7,5,0,35,35,0.0781
2,greedy,54,200054,12,0,12,0,,46,0.0156
2,astar,54,200054,12,7,5,0,35,35,0.0625
2,genetico,54,200054,12,0,12,0,,66,5.25
3,bfs,54,300054,12,12,0,0,37,37,0.0
3,ucs,54,300054,12,12,0,0,37,37,0.0469
3,greedy,54,300054,12,12,0,0,41,41,0.0
3,astar,54,300054,12,12,0,0,37,37,0.0469
3,genetico,54,300054,12,2,10,0,53,66,3.9688
1,bfs,55,100055,12,0,12,0,,26,0.0
1,ucs,55,100055,12,0,12,0,,26,0.0156
1,greedy,55,100055,12,0,12,0,,26,0.0
1,astar,55,100055,12,0,12,0,,26,0.0156
1,genetico,55,100055,12,0,12,0,,54,3.7031
2,bfs,55,200055,12,12,0,0,36,36,0.0156
2,ucs,55,200055,12,12,0,0,36,36,0.0469
2,greedy,55,200055,12,12,0,0,41,41,0.0
2,astar,55,200055,12,12,0,0,36,36,0.0156
2,genetico,55,200055,12,12,0,0,66,66,3.2812
3,bfs,55,300055,12,0,12,0,,34,0.0469
3,ucs,55,300055,12,0,12,0,,38,0.3125
3,greedy,55,300055,12,0,12,0,,34,0.0
3,astar,55,300055,12,0,12,0,,38,0.25
3,genetico,55,300055,12,0,12,0,,62,5.9688
1,bfs,56,100056,12,12,0,0,36,36,0.0
1,ucs,56,100056,12,12,0,0,36,36,0.0156
1,greedy,56,100056,12,12,0,0,36,36,0.0156
1,astar,56,100056,12,12,0,0,36,36,0.0
1,genetico,56,100056,12,12,0,0,65,65,2.5781
2,bfs,56,200056,12,12,0,0,36,36,0.0156
2,ucs,56,200056,12,12,0,0,36,36,0.0781
2,greedy,56,200056,12,11,1,0,46,46,0.0156
2,astar,56,200056,12,12,0,0,36,36,0.0469
2,genetico,56,200056,12,7,5,0,64,130,6.1406
3,bfs,56,300056,12,4,8,0,33,33,0.0312
3,ucs,56,300056,12,9,3,0,37,37,0.1562
3,greedy,56,300056,12,3,9,0,33,33,0.0
3,astar,56,300056,12,9,3,0,37,37,0.0781
3,genetico,56,300056,12,11,1,0,57,57,2.9219
1,bfs,57,100057,12,12,0,0,37,37,0.0
1,ucs,57,100057,12,12,0,0,37,37,0.0156
1,greedy,57,100057,12,12,0,0,37,37,0.0
1,astar,57,100057,12,12,0,0,37,37,0.0156
1,genetico,57,100057,12,12,0,0,89,89,2.6719
2,bfs,57,200057,12,6,6,0,32,42,0.0
2,ucs,57,200057,12,6,6,0,32,42,0.0469
2,greedy,57,200057,12,7,5,0,39,42,0.0
2,astar,57,200057,12,6,6,0,32,42,0.0156
2,genetico,57,200057,12,1,11,0,31,118,5.9219
3,bfs,57,300057,12,0,12,0,,38,0.0156
3,ucs,57,300057,12,0,12,0,,38,0.1719
3,greedy,57,300057,12,0,12,0,,38,0.0156
3,astar,57,300057,12,0,12,0,,38,0.1719
3,genetico,57,300057,12,0,12,0,,66,4.2812
1,bfs,58,100058,12,3,9,0,32,32,0.0
1,ucs,58,100058,12,3,9,0,32,32,0.0156
1,greedy,58,100058,12,3,9,0,32,32,0.0
1,astar,58,100058,12,3,9,0,32,32,0.0156
1,genetico,58,100058,12,3,9,0,63,63,5.4531
2,bfs,58,200058,12,12,0,0,36,36,0.0
2,ucs,58,200058,12,12,0,0,36,36,0.0469
2,greedy,58,200058,12,10,2,0,43,43,0.0
2,astar,58,200058,12,12,0,0,36,36,0.0156
2,genetico,58,200058,12,12,0,0,53,53,2.4062
3,bfs,58,300058,12,10,2,0,40,40,0.0312
3,ucs,58,300058,12,9,3,0,41,41,0.125
3,greedy,58,300058,12,11,1,0,44,44,0.0156
3,astar,58,300058,12,9,3,0,41,41,0.0625
3,genetico,58,300058,12,5,7,0,46,82,4.7188
1,bfs,59,100059,12,12,0,0,37,37,0.0
1,ucs,59,100059,12,12,0,0,37,37,0.0312
1,greedy,59,100059,12,12,0,0,37,37,0.0
1,astar,59,100059,12,12,0,0,37,37,0.0
1,genetico,59,100059,12,12,0,0,55,55,2.3594
2,bfs,59,200059,12,11,1,0,37,37,0.0156
2,ucs,59,200059,12,11,1,0,37,37,0.0469
2,greedy,59,200059,12,11,1,0,57,57,0.0
2,astar,59,200059,12,11,1,0,37,37,0.0
2,genetico,59,200059,12,5,7,0,54,70,4.0
3,bfs,59,300059,12,12,0,0,38,38,0.0156
3,ucs,59,300059,12,12,0,0,38,38,0.0938
3,greedy,59,300059,12,12,0,0,42,42,0.0
3,astar,59,300059,12,12,0,0,38,38,0.0625
3,genetico,59,300059,12,11,1,0,55,55,2.5
1,bfs,60,100060,12,12,0,0,40,40,0.0156
1,ucs,60,100060,12,12,0,0,40,40,0.0
1,greedy,60,100060,12,12,0,0,40,40,0.0
1,astar,60,100060,12,12,0,0,40,40,0.0156
1,genetico,60,100060,12,3,9,0,43,62,5.0938
2,bfs,60,200060,12,0,12,0,,22,0.0156
2,ucs,60,200060,12,0,12,0,,22,0.0625
2,greedy,60,200060,12,0,12,0,,30,0.0156
2,astar,60,200060,12,0,12,0,,22,0.0625
2,genetico,60,200060,12,0,12,0,,138,5.2344
3,bfs,60,300060,12,0,12,0,,34,0.0312
3,ucs,60,300060,12,0,12,0,,34,0.1875
3,greedy,60,300060,12,0,12,0,,34,0.0312
3,astar,60,300060,12,0,12,0,,34,0.1094
3,genetico,60,300060,12,0,12,0,,78,3.9375
1,bfs,61,100061,12,12,0,0,36,36,0.0
1,ucs,61,100061,12,12,0,0,36,36,0.0156
1,greedy,61,100061,12,12,0,0,36,36,0.0
1,astar,61,100061,12,12,0,0,36,36,0.0
1,genetico,61,100061,12,12,0,0,74,74,2.3594
2,bfs,61,200061,12,12,0,0,60,60,0.0156
2,ucs,61,200061,12,12,0,0,60,60,0.0625
2,greedy,61,200061,12,8,4,0,74,74,0.0
2,astar,61,200061,12,12,0,0,60,60,0.0312
2,genetico,61,200061,12,0,12,0,,114,7.625
3,bfs,61,300061,12,8,4,0,34,34,0.0156
3,ucs,61,300061,12,7,5,0,34,34,0.0781
3,greedy,61,300061,12,5,7,0,34,38,0.0
3,astar,61,300061,12,7,5,0,34,34,0.0469
3,genetico,61,300061,12,0,12,0,,54,5.8125
1,bfs,62,100062,12,8,4,0,37,37,0.0156
1,ucs,62,100062,12,8,4,0,37,37,0.0156
1,greedy,62,100062,12,8,4,0,37,37,0.0
1,astar,62,100062,12,8,4,0,37,37,0.0
1,genetico,62,100062,12,0,12,0,,90,5.0469
2,bfs,62,200062,12,12,0,0,38,38,0.0
2,ucs,62,200062,12,12,0,0,38,38,0.0469
2,greedy,62,200062,12,12,0,0,38,38,0.0
2,astar,62,200062,12,12,0,0,38,38,0.0156
2,genetico,62,200062,12,10,2,0,64,102,2.8438
3,bfs,62,300062,12,12,0,0,36,36,0.0156
3,ucs,62,300062,12,12,0,0,36,36,0.0781
3,greedy,62,300062,12,12,0,0,40,40,0.0
3,astar,62,300062,12,12,0,0,36,36,0.0469
3,genetico,62,300062,12,9,3,0,52,52,2.5625
1,bfs,63,100063,12,12,0,0,37,37,0.0
1,ucs,63,100063,12,12,0,0,37,37,0.0156
1,greedy,63,100063,12,12,0,0,37,37,0.0
1,astar,63,100063,12,12,0,0,37,37,0.0156
1,genetico,63,100063,12,12,0,0,69,69,2.3594
2,bfs,63,200063,12,11,1,0,53,53,0.0156
2,ucs,63,200063,12,12,0,0,57,57,0.0625
2,greedy,63,200063,12,10,2,0,59,59,0.0
2,astar,63,200063,12,12,0,0,57,57,0.0156
2,genetico,63,200063,12,6,6,0,68,68,3.7031
3,bfs,63,300063,12,12,0,0,38,38,0.0156
3,ucs,63,300063,12,12,0,0,38,38,0.0625
3,greedy,63,300063,12,12,0,0,40,40,0.0
3,astar,63,300063,12,12,0,0,38,38,0.0469
3,genetico,63,300063,12,12,0,0,52,52,2.2344
1,bfs,64,100064,12,0,12,0,,22,0.0
1,ucs,64,100064,12,0,12,0,,22,0.0156
1,greedy,64,100064,12,0,12,0,,22,0.0
1,astar,64,100064,12,0,12,0,,22,0.0312
1,genetico,64,100064,12,0,12,0,,50,4.4219
2,bfs,64,200064,12,12,0,0,36,36,0.0156
2,ucs,64,200064,12,12,0,0,36,36,0.0469
2,greedy,64,200064,12,12,0,0,40,40,0.0
2,astar,64,200064,12,12,0,0,36,36,0.0156
2,genetico,64,200064,12,11,1,0,95,95,2.5469
3,bfs,64,300064,12,12,0,0,38,38,0.0
3,ucs,64,300064,12,12,0,0,38,38,0.0781
3,greedy,64,300064,12,12,0,0,42,42,0.0
3,astar,64,300064,12,12,0,0,38,38,0.0469
3,genetico,64,300064,12,9,3,0,57,57,2.4375
1,bfs,65,100065,12,12,0,0,37,37,0.0156
1,ucs,65,100065,12,12,0,0,37,37,0.0156
1,greedy,65,100065,12,12,0,0,37,37,0.0156
1,astar,65,100065,12,12,0,0,37,37,0.0156
1,genetico,65,100065,12,12,0,0,57,57,2.1562
2,bfs,65,200065,12,12,0,0,38,38,0.0
2,ucs,65,200065,12,12,0,0,38,38,0.0156
2,greedy,65,200065,12,12,0,0,41,41,0.0156
2,astar,65,200065,12,12,0,0,38,38,0.0156
2,genetico,65,200065,12,2,10,0,57,278,8.6719
3,bfs,65,300065,12,9,3,0,37,37,0.0156
3,ucs,65,300065,12,12,0,0,41,41,0.0938
3,greedy,65,300065,12,9,3,0,43,43,0.0
3,astar,65,300065,12,9,3,0,37,37,0.0469
3,genetico,65,300065,12,10,2,0,47,47,2.25
1,bfs,66,100066,12,12,0,0,36,36,0.0
1,ucs,66,100066,12,12,0,0,36,36,0.0156
1,greedy,66,100066,12,12,0,0,36,36,0.0
1,astar,66,100066,12,12,0,0,36,36,0.0156
1,genetico,66,100066,12,12,0,0,93,93,2.2812
2,bfs,66,200066,12,7,5,0,40,40,0.0156
2,ucs,66,200066,12,9,3,0,40,40,0.0469
2,greedy,66,200066,12,7,5,0,40,40,0.0
2,astar,66,200066,12,9,3,0,40,40,0.0312
2,genetico,66,200066,12,8,4,0,60,60,3.1719
3,bfs,66,300066,12,12,0,0,35,35,0.0156
3,ucs,66,300066,12,12,0,0,35,35,0.0469
3,greedy,66,300066,12,12,0,0,37,37,0.0
3,astar,66,300066,12,12,0,0,35,35,0.0469
3,genetico,66,300066,12,6,6,0,45,66,3.1406
1,bfs,67,100067,12,12,0,0,38,38,0.0
1,ucs,67,100067,12,12,0,0,38,38,0.0156
1,greedy,67,100067,12,12,0,0,38,38,0.0
1,astar,67,100067,12,12,0,0,38,38,0.0
1,genetico,67,100067,12,12,0,0,69,69,2.1719
2,bfs,67,200067,12,0,12,0,,26,0.0156
2,ucs,67,200067,12,0,12,0,,26,0.1094
2,greedy,67,200067,12,0,12,0,,42,0.0156
2,astar,67,200067,12,0,12,0,,26,0.0938
2,genetico,67,200067,12,0,12,0,,58,4.4062
3,bfs,67,300067,12,12,0,0,46,46,0.0312
3,ucs,67,300067,12,11,1,0,35,35,0.0781
3,greedy,67,300067,12,12,0,0,48,48,0.0
3,astar,67,300067,12,11,1,0,35,35,0.0469
3,genetico,67,300067,12,12,0,0,60,60,2.5938
1,bfs,68,100068,12,0,12,0,,26,0.0
1,ucs,68,100068,12,0,12,0,,26,0.0312
1,greedy,68,100068,12,0,12,0,,26,0.0156
1,astar,68,100068,12,0,12,0,,26,0.0312
1,genetico,68,100068,12,0,12,0,,94,4.9844
2,bfs,68,200068,12,12,0,0,40,40,0.0156
2,ucs,68,200068,12,12,0,0,40,40,0.0469
2,greedy,68,200068,12,12,0,0,41,41,0.0
2,astar,68,200068,12,12,0,0,40,40,0.0312
2,genetico,68,200068,12,8,4,0,87,87,3.2031
3,bfs,68,300068,12,8,4,0,34,34,0.0156
3,ucs,68,300068,12,8,4,0,34,34,0.0781
3,greedy,68,300068,12,8,4,0,34,34,0.0
3,astar,68,300068,12,8,4,0,34,34,0.0469
3,genetico,68,300068,12,1,11,0,34,70,6.2344
1,bfs,69,100069,12,12,0,0,37,37,0.0
1,ucs,69,100069,12,12,0,0,37,37,0.0156
1,greedy,69,100069,12,12,0,0,37,37,0.0156
1,astar,69,100069,12,12,0,0,37,37,0.0
1,genetico,69,100069,12,12,0,0,68,68,3.2656
2,bfs,69,200069,12,12,0,0,38,38,0.0156
2,ucs,69,200069,12,12,0,0,38,38,0.0625
2,greedy,69,200069,12,12,0,0,39,39,0.0
2,astar,69,200069,12,12,0,0,38,38,0.0312
2,genetico,69,200069,12,12,0,0,113,113,3.75
3,bfs,69,300069,12,12,0,0,36,36,0.0156
3,ucs,69,300069,12,8,4,0,36,36,0.1719
3,greedy,69,300069,12,12,0,0,38,38,0.0
3,astar,69,300069,12,8,4,0,36,36,0.0625
3,genetico,69,300069,12,7,5,0,61,61,4.6875
1,bfs,70,100070,12,12,0,0,40,40,0.0156
1,ucs,70,100070,12,12,0,0,40,40,0.0156
1,greedy,70,100070,12,12,0,0,40,40,0.0
1,astar,70,100070,12,12,0,0,40,40,0.0156
1,genetico,70,100070,12,12,0,0,261,261,4.2969
2,bfs,70,200070,12,8,4,0,36,36,0.0312
2,ucs,70,200070,12,8,4,0,49,49,0.0938
2,greedy,70,200070,12,8,4,0,57,57,0.0156
2,astar,70,200070,12,8,4,0,49,49,0.0312
2,genetico,70,200070,12,3,9,0,49,49,3.9219
3,bfs,70,300070,12,12,0,0,38,38,0.0156
3,ucs,70,300070,12,12,0,0,38,38,0.1094
3,greedy,70,300070,12,12,0,0,48,48,0.0156
3,astar,70,300070,12,12,0,0,38,38,0.0469
3,genetico,70,300070,12,12,0,0,55,55,2.625
1,bfs,71,100071,12,0,12,0,,22,0.0
1,ucs,71,100071,12,0,12,0,,22,0.0156
1,greedy,71,100071,12,0,12,0,,22,0.0
1,astar,71,100071,12,0,12,0,,22,0.0312
1,genetico,71,100071,12,0,12,0,,94,5.0625
2,bfs,71,200071,12,12,0,0,41,41,0.0156
2,ucs,71,200071,12,12,0,0,41,41,0.0469
2,greedy,71,200071,12,12,0,0,49,49,0.0
2,astar,71,200071,12,12,0,0,41,41,0.0156
2,genetico,71,200071,12,10,0,2,137,300,4.25
3,bfs,71,300071,12,12,0,0,35,35,0.0156
3,ucs,71,300071,12,12,0,0,35,35,0.0781
3,greedy,71,300071,12,12,0,0,37,37,0.0
3,astar,71,300071,12,12,0,0,35,35,0.0469
3,genetico,71,300071,12,12,0,0,57,57,2.3906
1,bfs,72,100072,12,12,0,0,39,39,0.0
1,ucs,72,100072,12,12,0,0,39,39,0.0156
1,greedy,72,100072,12,12,0,0,39,39,0.0
1,astar,72,100072,12,12,0,0,39,39,0.0
1,genetico,72,100072,12,12,0,0,73,73,2.4375
2,bfs,72,200072,12,12,0,0,40,40,0.0
2,ucs,72,200072,12,12,0,0,40,40,0.0469
2,greedy,72,200072,12,12,0,0,42,42,0.0
2,astar,72,200072,12,12,0,0,40,40,0.0156
2,genetico,72,200072,12,10,2,0,140,166,3.5
3,bfs,72,300072,12,12,0,0,37,37,0.0156
3,ucs,72,300072,12,12,0,0,37,37,0.0625
3,greedy,72,300072,12,12,0,0,38,38,0.0
3,astar,72,300072,12,12,0,0,37,37,0.0312
3,genetico,72,300072,12,12,0,0,50,50,2.2969
1,bfs,73,100073,12,10,2,0,39,39,0.0
1,ucs,73,100073,12,10,2,0,39,39,0.0156
1,greedy,73,100073,12,10,2,0,40,40,0.0
1,astar,73,100073,12,10,2,0,39,39,0.0
1,genetico,73,100073,12,2,10,0,39,74,6.4844
2,bfs,73,200073,12,12,0,0,37,37,0.0
2,ucs,73,200073,12,12,0,0,37,37,0.0469
2,greedy,73,200073,12,12,0,0,37,37,0.0156
2,astar,73,200073,12,12,0,0,37,37,0.0156
2,genetico,73,200073,12,12,0,0,70,70,2.6094
3,bfs,73,300073,12,0,12,0,,42,0.0156
3,ucs,73,300073,12,3,9,0,40,40,0.1406
3,greedy,73,300073,12,0,12,0,,42,0.0
3,astar,73,300073,12,3,9,0,40,42,0.0625
3,genetico,73,300073,12,10,2,0,50,50,2.3594
1,bfs,74,100074,12,12,0,0,36,36,0.0156
1,ucs,74,100074,12,12,0,0,36,36,0.0
1,greedy,74,100074,12,12,0,0,36,36,0.0
1,astar,74,100074,12,12,0,0,36,36,0.0
1,genetico,74,100074,12,12,0,0,66,66,2.4219
2,bfs,74,200074,12,0,12,0,,42,0.0312
2,ucs,74,200074,12,3,9,0,35,42,0.0938
2,greedy,74,200074,12,0,12,0,,38,0.0156
2,astar,74,200074,12,3,9,0,35,42,0.0469
2,genetico,74,200074,12,2,10,0,37,62,4.1406
3,bfs,74,300074,12,12,0,0,38,38,0.0156
3,ucs,74,300074,12,12,0,0,38,38,0.0781
3,greedy,74,300074,12,12,0,0,40,40,0.0156
3,astar,74,300074,12,12,0,0,38,38,0.0469
3,genetico,74,300074,12,3,9,0,41,46,3.4062
1,bfs,75,100075,12,12,0,0,38,38,0.0
1,ucs,75,100075,12,12,0,0,38,38,0.0
1,greedy,75,100075,12,12,0,0,38,38,0.0156
1,astar,75,100075,12,12,0,0,38,38,0.0
1,genetico,75,100075,12,12,0,0,55,55,2.0781
2,bfs,75,200075,12,10,2,0,38,38,0.0156
2,ucs,75,200075,12,10,2,0,38,38,0.0469
2,greedy,75,200075,12,10,2,0,38,38,0.0
2,astar,75,200075,12,10,2,0,38,38,0.0156
2,genetico,75,200075,12,11,1,0,59,59,2.7031
3,bfs,75,300075,12,12,0,0,37,37,0.0156
3,ucs,75,300075,12,12,0,0,37,37,0.0625
3,greedy,75,300075,12,12,0,0,41,41,0.0
3,astar,75,300075,12,12,0,0,37,37,0.0312
3,genetico,75,300075,12,12,0,0,54,54,2.2812
1,bfs,76,100076,12,11,1,0,41,41,0.0
1,ucs,76,100076,12,11,1,0,41,41,0.0156
1,greedy,76,100076,12,11,1,0,41,41,0.0
1,astar,76,100076,12,11,1,0,41,41,0.0156
1,genetico,76,100076,12,1,11,0,43,70,5.5156
2,bfs,76,200076,12,12,0,0,37,37,0.0156
2,ucs,76,200076,12,12,0,0,37,37,0.0469
2,greedy,76,200076,12,12,0,0,37,37,0.0
2,astar,76,200076,12,12,0,0,37,37,0.0156
2,genetico,76,200076,12,12,0,0,70,70,2.5938
3,bfs,76,300076,12,12,0,0,36,36,0.0156
3,ucs,76,300076,12,12,0,0,36,36,0.0625
3,greedy,76,300076,12,12,0,0,44,44,0.0
3,astar,76,300076,12,12,0,0,36,36,0.0469
3,genetico,76,300076,12,10,2,0,47,58,2.6562
1,bfs,77,100077,12,12,0,0,37,37,0.0
1,ucs,77,100077,12,12,0,0,37,37,0.0312
1,greedy,77,100077,12,12,0,0,37,37,0.0156
1,astar,77,100077,12,12,0,0,37,37,0.0156
1,genetico,77,100077,12,12,0,0,68,68,2.625
2,bfs,77,200077,12,0,12,0,,30,0.0156
2,ucs,77,200077,12,0,12,0,,30,0.125
2,greedy,77,200077,12,0,12,0,,30,0.0156
2,astar,77,200077,12,0,12,0,,30,0.125
2,genetico,77,200077,12,0,12,0,,110,5.5469
3,bfs,77,300077,12,5,7,0,34,34,0.0156
3,ucs,77,300077,12,10,2,0,37,37,0.1562
3,greedy,77,300077,12,5,7,0,34,34,0.0
3,astar,77,300077,12,10,2,0,37,37,0.0938
3,genetico,77,300077,12,11,1,0,55,55,2.4531
1,bfs,78,100078,12,0,12,0,,26,0.0
1,ucs,78,100078,12,0,12,0,,26,0.0312
1,greedy,78,100078,12,0,12,0,,26,0.0
1,astar,78,100078,12,0,12,0,,26,0.0156
1,genetico,78,100078,12,0,12,0,,70,5.0
2,bfs,78,200078,12,10,2,0,38,54,0.0
2,ucs,78,200078,12,9,3,0,38,54,0.0625
2,greedy,78,200078,12,12,0,0,38,38,0.0
2,astar,78,200078,12,9,3,0,38,54,0.0312
2,genetico,78,200078,12,1,11,0,43,66,4.6406
3,bfs,78,300078,12,0,12,0,,42,0.0312
3,ucs,78,300078,12,0,12,0,,38,0.1406
3,greedy,78,300078,12,0,12,0,,34,0.0156
3,astar,78,300078,12,0,12,0,,42,0.0938
3,genetico,78,300078,12,0,12,0,,58,5.1719
1,bfs,79,100079,12,12,0,0,37,37,0.0
1,ucs,79,100079,12,12,0,0,37,37,0.0312
1,greedy,79,100079,12,12,0,0,37,37,0.0
1,astar,79,100079,12,12,0,0,37,37,0.0156
1,genetico,79,100079,12,12,0,0,59,59,3.0312
2,bfs,79,200079,12,8,4,0,34,34,0.0156
2,ucs,79,200079,12,10,2,0,41,41,0.0938
2,greedy,79,200079,12,6,6,0,34,58,0.0
2,astar,79,200079,12,10,2,0,41,41,0.0156
2,genetico,79,200079,12,5,7,0,47,74,4.4375
3,bfs,79,300079,12,11,1,0,37,37,0.0156
3,ucs,79,300079,12,12,0,0,37,37,0.0938
3,greedy,79,300079,12,11,1,0,37,37,0.0
3,astar,79,300079,12,12,0,0,37,37,0.0625
3,genetico,79,300079,12,12,0,0,55,55,2.6875
