tipo_mapa,mapa,algoritmo,n_corridas,n_agentes_total,tasa_supervivencia,ic95_lo,ic95_hi,bajas_pct,atrapados_pct,corridas_sin_sobrevivientes,n_corridas_con_tiempo,tiempo_media,tiempo_std,tiempo_mediana,tiempo_min,tiempo_max,cpu_media_ms,cpu_mediana_ms
1,Mapa 1 (Alta densidad),bfs,80,960,82.8125,75.4140625,89.79166666666667,17.1875,0.0,9,71,37.971830985915496,2.7670088594308866,38.0,32,51,4.095,0.0
1,Mapa 1 (Alta densidad),ucs,80,960,82.70833333333333,75.41666666666667,89.47916666666667,17.291666666666668,0.0,9,71,37.971830985915496,2.7670088594308866,38.0,32,51,16.77125,15.6
1,Mapa 1 (Alta densidad),greedy,80,960,82.8125,75.3125,89.6875,17.1875,0.0,9,71,37.985915492957744,2.774851129836795,38.0,32,51,3.704999999999999,0.0
1,Mapa 1 (Alta densidad),astar,80,960,82.70833333333333,75.10416666666667,89.47916666666667,17.291666666666668,0.0,9,71,37.971830985915496,2.7670088594308866,38.0,32,51,10.33625,15.6
1,Mapa 1 (Alta densidad),genetico,80,960,70.72916666666667,61.354166666666664,79.47916666666667,28.229166666666668,1.0416666666666665,14,66,74.48484848484848,40.32492736384985,63.0,36,261,3308.3999999999996,2609.4
2,Mapa 2 (Media densidad),bfs,80,960,78.4375,70.83333333333334,85.625,21.5625,0.0,9,71,39.098591549295776,5.1413031410263645,38.0,31,60,11.895,15.6
2,Mapa 2 (Media densidad),ucs,80,960,79.79166666666667,72.29166666666667,86.77083333333333,20.208333333333332,0.0,8,72,39.84722222222222,5.621036249064939,38.0,31,60,57.224999999999994,46.9
2,Mapa 2 (Media densidad),greedy,80,960,74.6875,66.6640625,82.39583333333333,25.3125,0.0,11,69,42.594202898550726,7.515315422482495,41.0,32,74,5.265,0.0
2,Mapa 2 (Media densidad),astar,80,960,79.79166666666667,72.5,86.5625,20.208333333333332,0.0,8,72,39.68055555555556,5.44583155974841,38.0,31,60,32.401250000000005,15.6
2,Mapa 2 (Media densidad),genetico,80,960,46.979166666666664,38.645833333333336,55.3125,52.083333333333336,0.9375,20,60,70.66666666666667,26.64752137592211,64.5,31,176,4313.085,4070.2999999999997
3,Mapa 3 (Baja densidad),bfs,80,960,68.22916666666666,59.47916666666667,76.77083333333333,31.770833333333332,0.0,15,65,36.246153846153845,2.4750679866342136,36.0,30,46,15.0175,15.6
3,Mapa 3 (Baja densidad),ucs,80,960,71.875,63.22916666666667,79.89583333333333,28.125,0.0,13,67,36.61194029850746,1.9614096962087568,37.0,31,41,98.43625,78.10000000000001
3,Mapa 3 (Baja densidad),greedy,80,960,65.41666666666667,56.35416666666667,74.06510416666663,34.583333333333336,0.0,15,65,38.44615384615385,3.6615859321421826,39.0,30,48,6.826250000000001,0.0
3,Mapa 3 (Baja densidad),astar,80,960,71.45833333333333,63.020833333333336,79.47916666666667,28.541666666666664,0.0,13,67,36.55223880597015,1.885218274393616,37.0,31,41,62.70249999999999,46.9
3,Mapa 3 (Baja densidad),genetico,80,960,58.75,49.791666666666664,67.60416666666667,41.25,0.0,17,63,51.38095238095238,7.312006413291665,52.0,33,73,3419.73,2851.55
